{
    "properties": {
        "version": 3,
        "multi_pag": true,
        "width": 720,
        "height": 720,
        "pag_num": 2
    },
    "pag_items": [
        {
            "pag_type": 1,
            "key": "1",
            "path": "bg_animation.pag",
            "replacement": [
                {
                    "index": 2,
                    "replace_type": 5,
                    "replace_index": 0,
                    "scale_mode": 7,
                    "width": 507,
                    "height": 41,
                    "text_align": 1,
                    "text_size": 30,
                    "text_color": "#482D00"
                },
                {
                    "index": 1,
                    "replace_type": 4,
                    "replace_index": 0,
                    "scale_mode": 7,
                    "width": 507,
                    "height": 63,
                    "text_align": 1,
                    "text_size": 44,
                    "text_color": "#482D00"
                }
            ]
        },
        {
            "pag_type": 3,
            "key": "2",
            "path": "lyric_animation.pag",
            "replacement": [
                {
                    "index": 0,
                    "replace_type": 3,
                    "replace_index": 0,
                    "scale_mode": 7,
                    "width": 507,
                    "height": 243,
                    "text_color": "#482D00",
                    "text_selected_color": "#482D00",
                    "text_foreground_color": "#482D00",
                    "text_size": 38,
                    "text_align": 1,
                    "lyric_style": 3,
                    "lyric_line" : 4,
                    "text_line_space" : 1.5,
                    "focus_text_size_scale": 1,
                    "is_lyric_shader" : false
                }
            ]
        }
    ]
}