{
    "properties": {
        "version": 3,
        "multi_pag": true,
        "width": 720,
        "height": 720,
        "pag_num": 2
    },
    "pag_items": [
        {
            "pag_type": 1,
            "key": "1",
            "path": "bg_animation.pag",
            "replacement": [
                {
                    "index": 0,
                    "replace_type": 4,
                    "replace_index": 0,
                    "scale_mode": 7,
                    "width": 416,
                    "height": 41,
                    "text_size": 28,
                    "text_align": 1,
                    "text_color": "#5A5A5A"
                },
                {
                    "index": 1,
                    "replace_type": 5,
                    "replace_index": 0,
                    "scale_mode": 7,
                    "width": 416,
                    "height": 26,
                    "text_align": 1,
                    "text_size": 21,
                    "text_color": "#5A5A5A"
                },
                {
                    "index": 2,
                    "replace_type": 1,
                    "replace_index": 0,
                    "scale_mode": 7,
                    "width": 596,
                    "height": 372
                }
            ]
        },
        {
            "pag_type": 3,
            "key": "2",
            "path": "lyric_animation.pag",
            "replacement": [
                {
                    "index": 0,
                    "replace_type": 3,
                    "replace_index": 0,
                    "scale_mode": 7,
                    "width": 416,
                    "height": 194,
                    "text_color": "#979797",
                    "text_selected_color": "#979797",
                    "text_foreground_color": "#979797",
                    "text_size": 26,
                    "text_align": 1,
                    "lyric_style": 2,
                    "lyric_line" : 3,
                    "text_line_space" : 2,
                    "focus_text_size_scale": 1
                }
            ]
        }
    ]
}