{
    "properties": {
        "version": 3,
        "multi_pag": true,
        "width": 720,
        "height": 960,
        "pag_num": 2
    },
    "video_properties":{
        "export_width": 720,
        "export_height": 960,
        "export_video_bitrate": 737280
    },
    "pag_items": [
        {
            "pag_type": 1,
            "key": "1",
            "path": "bg_animation.pag",
            "replacement": [
                {
                    "index": 0,
                    "replace_type": 4,
                    "replace_index": 0,
                    "scale_mode": 7,
                    "width": 538,
                    "height": 41,
                    "text_align": 1,
                    "text_size": 24,
                    "text_color": "#B3FFFFFF",
                    "is_text_shadow" : false
                },
                {
                    "index": 1,
                    "replace_type": 5,
                    "replace_index": 0,
                    "scale_mode": 7,
                    "width": 514,
                    "height": 29,
                    "text_align": 1,
                    "text_size": 18,
                    "text_color": "#B3FFFFFF"
                },
                {
                    "index": 2,
                    "replace_type": 1,
                    "replace_index": 0,
                    "scale_mode": 3,
                    "width": 678,
                    "height": 678
                }
            ]
        },
        {
            "pag_type": 3,
            "key": "2",
            "path": "lyric_animation.pag",
            "replacement": [
                {
                    "index": 0,
                    "replace_type": 3,
                    "replace_index": 0,
                    "scale_mode": 7,
                    "width": 538,
                    "height": 50,
                    "text_color": "#FFFFFF",
                    "text_selected_color": "#FFFFFF",
                    "text_foreground_color": "#FFFFFF",
                    "text_size": 36,
                    "text_align": 1,
                    "lyric_style": 33,
                    "lyric_line" : 1,
                    "text_line_space" : 1,
                    "focus_text_size_scale": 1,
                    "is_lyric_shader" : false
                }
            ]
        }
    ]
}