{
    "properties": {
        "version": 3,
        "multi_pag": true,
        "width": 720,
        "height": 720,
        "pag_num": 2
    },
    "pag_items": [
        {
            "pag_type": 1,
            "key": "1",
            "path": "bg_animation.pag",
            "replacement": [
                {
                    "index": 0,
                    "replace_type": 5,
                    "replace_index": 0,
                    "scale_mode": 7,
                    "width": 332,
                    "height": 32,
                    "text_size": 20,
                    "text_align": 3,
                    "text_color": "#BFFFFFFF"
                },
                {
                    "index": 1,
                    "replace_type": 4,
                    "replace_index": 0,
                    "scale_mode": 7,
                    "width": 332,
                    "height": 46,
                    "text_align": 3,
                    "text_size": 30,
                    "text_color": "#FFFFFF"
                }
            ]
        },
        {
            "pag_type": 3,
            "key": "2",
            "path": "lyric_animation.pag",
            "replacement": [
                {
                    "index": 0,
                    "replace_type": 3,
                    "replace_index": 0,
                    "scale_mode": 7,
                    "width": 332,
                    "height": 191,
                    "text_color": "#BFFFFFFF",
                    "text_selected_color": "#FFFFFF",
                    "text_foreground_color": "#FFFFFF",
                    "text_size": 26,
                    "text_align": 36,
                    "lyric_style": 2,
                    "lyric_line" : 4,
                    "text_line_space" : 1.3,
                    "focus_text_size_scale": 1.15,
                    "is_lyric_shader" : false
                }
            ]
        }
    ]
}