{
    "properties": {
        "version": 3,
        "multi_pag": true,
        "width": 720,
        "height": 720,
        "pag_num": 2
    },
    "pag_items": [
        {
            "pag_type": 1,
            "key": "1",
            "path": "bg_animation.pag",
            "replacement": [
                {
                    "index": 0,
                    "replace_type": 4,
                    "replace_index": 0,
                    "scale_mode": 7,
                    "width": 496,
                    "height": 42,
                    "text_size": 30,
                    "text_align": 1,
                    "text_color": "#000000"
                },
                {
                    "index": 1,
                    "replace_type": 5,
                    "replace_index": 0,
                    "scale_mode": 7,
                    "width": 496,
                    "height": 33,
                    "text_align": 1,
                    "text_size": 24,
                    "text_color": "#99000000"
                }
            ]
        },
        {
            "pag_type": 3,
            "key": "2",
            "path": "lyric_animation.pag",
            "replacement": [
                {
                    "index": 0,
                    "replace_type": 3,
                    "replace_index": 0,
                    "scale_mode": 7,
                    "width": 496,
                    "height": 303,
                    "text_color": "#FF000000",
                    "text_selected_color": "#FF000000",
                    "text_foreground_color": "#FF000000",
                    "text_size": 38,
                    "text_align": 9,
                    "lyric_style": 2,
                    "lyric_line" : 5,
                    "text_line_space" : 1.3,
                    "focus_text_size_scale": 1, 
                    "is_lyric_shader" : false
                }
            ]
        }
    ]
}