{
    "properties": {
        "version": 3,
        "multi_pag": true,
        "width": 720,
        "height": 960,
        "pag_num": 2
    },
    "video_properties":{
        "export_width": 720,
        "export_height": 960,
        "export_video_bitrate": 524288
    },
    "pag_items": [
        {
            "pag_type": 1,
            "key": "1",
            "path": "bg_animation.pag",
            "replacement": [
                {
                    "index": 0,
                    "replace_type": 4,
                    "replace_index": 0,
                    "scale_mode": 7,
                    "width": 588,
                    "height": 63,
                    "text_size": 44,
                    "text_align": 1,
                    "text_color": "#FFFFFF",
                    "is_text_shadow": true
                },
                {
                    "index": 1,
                    "replace_type": 5,
                    "replace_index": 0,
                    "scale_mode": 7,
                    "width": 588,
                    "height": 43,
                    "text_align": 1,
                    "text_size": 24,
                    "text_color": "#FFFFFF"
                },
                {
                    "index": 4,
                    "replace_type": 1,
                    "replace_index": 0,
                    "scale_mode": 3,
                    "width": 670,
                    "height": 524
                }
            ]
        },
        {
            "pag_type": 3,
            "key": "2",
            "path": "lyric_animation.pag",
            "replacement": [
                {
                    "index": 0,
                    "replace_type": 3,
                    "replace_index": 0,
                    "scale_mode": 7,
                    "width": 588,
                    "height": 184,
                    "text_color": "#FF171717",
                    "text_selected_color": "#FF171717",
                    "text_foreground_color": "#FFE47367",
                    "text_size": 32,
                    "text_align": 9,
                    "lyric_style": 6,
                    "lyric_line" : 3,
                    "text_line_space" : 1.85,
                    "focus_text_size_scale": 1.375,
                    "is_lyric_shader" : false
                }
            ]
        }
    ]
}