{
    "properties": {
        "version": 3,
        "multi_pag": true,
        "width": 720,
        "height": 720,
        "pag_num": 2
    },
    "pag_items": [
        {
            "pag_type": 1,
            "key": "1",
            "path": "bg_animation.pag",
            "replacement": [
                {
                    "index": 0,
                    "replace_type": 5,
                    "replace_index": 0,
                    "scale_mode": 7,
                    "width": 440,
                    "height": 38,
                    "text_size": 22,
                    "text_align": 1,
                    "text_color": "#BF47332E"
                },
                {
                    "index": 1,
                    "replace_type": 4,
                    "replace_index": 0,
                    "scale_mode": 7,
                    "width": 440,
                    "height": 48,
                    "text_align": 1,
                    "text_size": 36,
                    "text_color": "#47332E"
                }
            ]
        },
        {
            "pag_type": 3,
            "key": "2",
            "path": "lyric_animation.pag",
            "replacement": [
                {
                    "index": 0,
                    "replace_type": 3,
                    "replace_index": 0,
                    "scale_mode": 7,
                    "width": 440,
                    "height": 230,
                    "text_color": "#47332E",
                    "text_selected_color": "#47332E",
                    "text_foreground_color": "#47332E",
                    "text_size": 26,
                    "text_align": 9,
                    "lyric_style": 2,
                    "lyric_line" : 5,
                    "text_line_space" : 1.4,
                    "focus_text_size_scale": 1, 
                    "is_lyric_shader" : false
                }
            ]
        }
    ]
}