{
    "properties": {
        "version": 3,
        "multi_pag": true,
        "width": 720,
        "height": 960,
        "pag_num": 2
    },
    "video_properties":{
        "export_width": 720,
        "export_height": 960,
        "export_video_bitrate": 524288
    },
    "pag_items": [
        {
            "pag_type": 1,
            "key": "1",
            "path": "bg_animation.pag",
            "replacement": [
                {
                    "index": 1,
                    "replace_type": 4,
                    "replace_index": 0,
                    "scale_mode": 7,
                    "width": 474,
                    "height": 40,
                    "text_size": 34,
                    "text_align": 1,
                    "text_color": "#FF46474E",
                    "is_text_shadow": false
                },
                {
                    "index": 2,
                    "replace_type": 5,
                    "replace_index": 0,
                    "scale_mode": 7,
                    "width": 474,
                    "height": 40,
                    "text_size": 34,
                    "text_align": 1,
                    "text_color": "#FF46474E",
                    "is_text_shadow": false
                },
                {
                    "index": 5,
                    "replace_type": 1,
                    "replace_index": 0,
                    "scale_mode": 3,
                    "width": 720,
                    "height": 960
                }
            ]
        },
        {
            "pag_type": 3,
            "key": "2",
            "path": "lyric_animation.pag",
            "replacement": [
                {
                    "index": 0,
                    "replace_type": 3,
                    "replace_index": 0,
                    "scale_mode": 7,
                    "width": 478,
                    "height": 150,
                    "text_color": "#FF46474E",
                    "text_selected_color": "#FFBE0000",
                    "text_foreground_color": "#FF46474E",
                    "text_size": 29,
                    "text_align": 36,
                    "lyric_style": 6,
                    "lyric_line" : 3,
                    "text_line_space" : 1.3,
                    "focus_text_size_scale": 1.2,
                    "is_lyric_shader" : false
                }
            ]
        }
    ]
}