{
    "properties": {
        "version": 3,
        "multi_pag": true,
        "width": 720,
        "height": 960,
        "pag_num": 2
    },
     "video_properties":{
        "export_width": 720,
        "export_height": 960,
        "export_video_bitrate": 737280
    },
    "pag_items": [
        {
            "pag_type": 1,
            "key": "1",
            "path": "bg_animation.pag",
            "replacement": [
                {
                    "index": 1,
                    "replace_type": 4,
                    "replace_index": 0,
                    "scale_mode": 7,
                    "width": 614,
                    "height": 66,
                    "text_size": 48,
                    "text_align": 2,
                    "text_color": "#FFFFFF",
                    "is_text_shadow": true
                },
                {
                    "index": 0,
                    "replace_type": 5,
                    "replace_index": 0,
                    "scale_mode": 7,
                    "width": 614,
                    "height": 60,
                    "text_size": 43,
                    "text_align": 2,
                    "text_color": "#FFFFFF",
                    "is_text_shadow": true
                },
                {
                    "index": 7,
                    "replace_type": 1,
                    "replace_index": 0,
                    "scale_mode": 3,
                    "width": 720,
                    "height": 960
                }
            ]
        },
        {
            "pag_type": 3,
            "key": "2",
            "path": "lyric_animation.pag",
            "replacement": [
                {
                    "index": 0,
                    "replace_type": 3,
                    "replace_index": 0,
                    "scale_mode": 7,
                    "width": 588,
                    "height": 123,
                    "text_color": "#CCFFFFFF",
                    "text_selected_color": "#FFFFFF",
                    "text_foreground_color": "#FFFFFF",
                    "text_size": 38,
                    "text_align": 36,
                    "lyric_style": 3,
                    "lyric_line" : 2,
                    "text_line_space" : 1.7,
                    "focus_text_size_scale": 1.17,
                    "is_lyric_shader" : true
                }
            ]
        }
    ]
}