{
    "properties": {
        "version": 3,
        "multi_pag": true,
        "width": 720,
        "height": 720,
        "pag_num": 2
    },
    "pag_items": [
        {
            "pag_type": 1,
            "key": "1",
            "path": "bg_animation.pag",
            "replacement": [
                {
                    "index": 0,
                    "replace_type": 4,
                    "replace_index": 0,
                    "scale_mode": 7,
                    "width": 507,
                    "height": 63,
                    "text_size": 44,
                    "text_align": 1,
                    "text_color": "#FFFFFF"
                },
                {
                    "index": 1,
                    "replace_type": 5,
                    "replace_index": 0,
                    "scale_mode": 7,
                    "width": 507,
                    "height": 43,
                    "text_align": 1,
                    "text_size": 30,
                    "text_color": "#5A5A5A"
                }
            ]
        },
        {
            "pag_type": 3,
            "key": "2",
            "path": "lyric_animation.pag",
            "replacement": [
                {
                    "index": 0,
                    "replace_type": 3,
                    "replace_index": 0,
                    "scale_mode": 7,
                    "width": 514,
                    "height": 184,
                    "text_color": "##5A5A5A",
                    "text_selected_color": "#5A5A5A",
                    "text_foreground_color": "#5A5A5A",
                    "text_size": 44,
                    "text_align": 1,
                    "lyric_style": 2,
                    "lyric_line" : 3,
                    "text_line_space" : 1.3,
                    "focus_text_size_scale": 1.15
                }
            ]
        }
    ]
}