{
    "properties": {
        "version": 3,
        "multi_pag": true,
        "width": 720,
        "height": 720,
        "pag_num": 2
    },
    "pag_items": [
        {
            "pag_type": 1,
            "key": "1",
            "path": "bg_animation.pag",
            "replacement": [
                {
                    "index": 0,
                    "replace_type": 4,
                    "replace_index": 0,
                    "scale_mode": 7,
                    "width": 416,
                    "height": 41,
                    "text_align": 1,
                    "text_size": 22,
                    "text_color": "#FFFFFF"
                },
                {
                    "index": 1,
                    "replace_type": 5,
                    "replace_index": 0,
                    "scale_mode": 7,
                    "width": 179,
                    "height": 29,
                    "text_align": 2,
                    "text_size": 22,
                    "text_color": "#8B5C19"
                },
                {
                    "index": 2,
                    "replace_type": 1,
                    "replace_index": 0,
                    "scale_mode": 7,
                    "width": 678,
                    "height": 637
                }
            ]
        },
        {
            "pag_type": 3,
            "key": "2",
            "path": "lyric_animation.pag",
            "replacement": [
                {
                    "index": 0,
                    "replace_type": 3,
                    "replace_index": 0,
                    "scale_mode": 7,
                    "width": 416,
                    "height": 50,
                    "text_color": "#FFFFFF",
                    "text_selected_color": "#FFFFFF",
                    "text_foreground_color": "#FFFFFF",
                    "text_size": 30,
                    "text_align": 1,
                    "lyric_style": 2,
                    "lyric_line" : 1,
                    "text_line_space" : 1,
                    "focus_text_size_scale": 1
                }
            ]
        }
    ]
}